id,Col,Macro_Categoria
CRED-002,status,UNCLASSIFIED
CRED-002,duration,SITUATIONAL
CRED-002,credit_history,INSTITUTIONAL and FINANCIAL
CRED-002,purpose,SITUATIONAL
CRED-002,amount,INSTITUTIONAL and FINANCIAL
CRED-002,savings,INSTITUTIONAL and FINANCIAL
CRED-002,employment_duration,SOCIOECONOMIC
CRED-002,installment_rate,"VALUES, ATTITUDES and BEHAVIORAL"
CRED-002,personal_status_sex,DEMOGRAPHIC
CRED-002,other_debtors,INSTITUTIONAL and FINANCIAL
CRED-002,present_residence,SITUATIONAL
CRED-002,property,INSTITUTIONAL and FINANCIAL
CRED-002,age,DEMOGRAPHIC
CRED-002,other_installment_plans,"VALUES, ATTITUDES and BEHAVIORAL"
CRED-002,housing,SITUATIONAL
CRED-002,number_credits,INSTITUTIONAL and FINANCIAL
CRED-002,job,SOCIOECONOMIC
CRED-002,people_liable,SOCIOECONOMIC
CRED-002,telephone,UNCLASSIFIED
CRED-002,foreign_worker,DEMOGRAPHIC
CRED-002,credit_risk,INSTITUTIONAL and FINANCIAL
CRED-024,SeriousDlqin2yrs,SITUATIONAL
CRED-024,RevolvingUtilizationOfUnsecuredLines,"VALUES, ATTITUDES and BEHAVIORAL"
CRED-024,age,DEMOGRAPHIC
CRED-024,NumberOfTime30-59DaysPastDueNotWorse,"VALUES, ATTITUDES and BEHAVIORAL"
CRED-024,DebtRatio,INSTITUTIONAL and FINANCIAL
CRED-024,MonthlyIncome,SOCIOECONOMIC
CRED-024,NumberOfOpenCreditLinesAndLoans,INSTITUTIONAL and FINANCIAL
CRED-024,NumberOfTimes90DaysLate,SITUATIONAL
CRED-024,NumberRealEstateLoansOrLines,INSTITUTIONAL and FINANCIAL
CRED-024,NumberOfTime60-89DaysPastDueNotWorse,SITUATIONAL
CRED-024,NumberOfDependents,DEMOGRAPHIC
CRED-027,person_age,DEMOGRAPHIC
CRED-027,person_income,SOCIOECONOMIC
CRED-027,person_home_ownership,DEMOGRAPHIC
CRED-027,person_emp_length,SOCIOECONOMIC
CRED-027,loan_intent,"VALUES, ATTITUDES and BEHAVIORAL"
CRED-027,loan_grade,INSTITUTIONAL and FINANCIAL
CRED-027,loan_amnt,INSTITUTIONAL and FINANCIAL
CRED-027,loan_int_rate,INSTITUTIONAL and FINANCIAL
CRED-027,loan_status,SITUATIONAL
CRED-027,loan_percent_income,INSTITUTIONAL and FINANCIAL
CRED-027,cb_person_default_on_file,"VALUES, ATTITUDES and BEHAVIORAL"
CRED-027,cb_person_cred_hist_length,INSTITUTIONAL and FINANCIAL
CRED-028,ID,UNCLASSIFIED
CRED-028,Client_Income,SOCIOECONOMIC
CRED-028,Car_Owned,DEMOGRAPHIC
CRED-028,Bike_Owned,"VALUES, ATTITUDES and BEHAVIORAL"
CRED-028,Active_Loan,INSTITUTIONAL and FINANCIAL
CRED-028,House_Own,DEMOGRAPHIC
CRED-028,Child_Count,DEMOGRAPHIC
CRED-028,Credit_Amount,INSTITUTIONAL and FINANCIAL
CRED-028,Loan_Annuity,INSTITUTIONAL and FINANCIAL
CRED-028,Accompany_Client,"VALUES, ATTITUDES and BEHAVIORAL"
CRED-028,Client_Income_Type,SOCIOECONOMIC
CRED-028,Client_Education,EDUCATIONAL
CRED-028,Client_Marital_Status,DEMOGRAPHIC
CRED-028,Client_Gender,DEMOGRAPHIC
CRED-028,Loan_Contract_Type,INSTITUTIONAL and FINANCIAL
CRED-028,Client_Housing_Type,SITUATIONAL
CRED-028,Population_Region_Relative,DEMOGRAPHIC
CRED-028,Age_Days,DEMOGRAPHIC
CRED-028,Employed_Days,SOCIOECONOMIC
CRED-028,Registration_Days,SITUATIONAL
CRED-028,ID_Days,SITUATIONAL
CRED-028,Own_House_Age,SITUATIONAL
CRED-028,Mobile_Tag,UNCLASSIFIED
CRED-028,Homephone_Tag,UNCLASSIFIED
CRED-028,Workphone_Working,SITUATIONAL
CRED-028,Client_Occupation,SOCIOECONOMIC
CRED-028,Client_Family_Members,DEMOGRAPHIC
CRED-028,Cleint_City_Rating,DEMOGRAPHIC
CRED-028,Application_Process_Day,SITUATIONAL
CRED-028,Application_Process_Hour,SITUATIONAL
CRED-028,Client_Permanent_Match_Tag,UNCLASSIFIED
CRED-028,Client_Contact_Work_Tag,UNCLASSIFIED
CRED-028,Type_Organization,INSTITUTIONAL and FINANCIAL
CRED-028,Score_Source_1,UNCLASSIFIED
CRED-028,Score_Source_2,UNCLASSIFIED
CRED-028,Score_Source_3,UNCLASSIFIED
CRED-028,Social_Circle_Default,ALTERNATIVE
CRED-028,Phone_Change,SITUATIONAL
CRED-028,Credit_Bureau,INSTITUTIONAL and FINANCIAL
CRED-028,Default,"VALUES, ATTITUDES and BEHAVIORAL"
CRED-031,loan_id,UNCLASSIFIED
CRED-031, no_of_dependents,
CRED-031, education,
CRED-031, self_employed,
CRED-031, income_annum,
CRED-031, loan_amount,
CRED-031, loan_term,
CRED-031, cibil_score,
CRED-031, residential_assets_value,
CRED-031, commercial_assets_value,
CRED-031, luxury_assets_value,
CRED-031, bank_asset_value,
CRED-031, loan_status,
CRED-032,rev_util,"VALUES, ATTITUDES and BEHAVIORAL"
CRED-032,age,DEMOGRAPHIC
CRED-032,late_30_59,"VALUES, ATTITUDES and BEHAVIORAL"
CRED-032,debt_ratio,INSTITUTIONAL and FINANCIAL
CRED-032,monthly_inc,SOCIOECONOMIC
CRED-032,open_credit,INSTITUTIONAL and FINANCIAL
CRED-032,late_90,SITUATIONAL
CRED-032,real_estate,INSTITUTIONAL and FINANCIAL
CRED-032,late_60_89,UNCLASSIFIED
CRED-032,dependents,DEMOGRAPHIC
CRED-032,dlq_2yrs,UNCLASSIFIED
CRED-033,ListingKey,UNCLASSIFIED
CRED-033,ListingNumber,UNCLASSIFIED
CRED-033,ListingCreationDate,SITUATIONAL
CRED-033,CreditGrade,UNCLASSIFIED
CRED-033,Term,INSTITUTIONAL and FINANCIAL
CRED-033,LoanStatus,UNCLASSIFIED
CRED-033,ClosedDate,SITUATIONAL
CRED-033,BorrowerAPR,INSTITUTIONAL and FINANCIAL
CRED-033,BorrowerRate,INSTITUTIONAL and FINANCIAL
CRED-033,LenderYield,INSTITUTIONAL and FINANCIAL
CRED-033,EstimatedEffectiveYield,INSTITUTIONAL and FINANCIAL
CRED-033,EstimatedLoss,INSTITUTIONAL and FINANCIAL
CRED-033,EstimatedReturn,INSTITUTIONAL and FINANCIAL
CRED-033,ProsperRating (numeric),INSTITUTIONAL and FINANCIAL
CRED-033,ProsperRating (Alpha),INSTITUTIONAL and FINANCIAL
CRED-033,ProsperScore,INSTITUTIONAL and FINANCIAL
CRED-033,ListingCategory (numeric),UNCLASSIFIED
CRED-033,BorrowerState,DEMOGRAPHIC
CRED-033,Occupation,SOCIOECONOMIC
CRED-033,EmploymentStatus,SOCIOECONOMIC
CRED-033,EmploymentStatusDuration,SITUATIONAL
CRED-033,IsBorrowerHomeowner,DEMOGRAPHIC
CRED-033,CurrentlyInGroup,UNCLASSIFIED
CRED-033,GroupKey,UNCLASSIFIED
CRED-033,DateCreditPulled,SITUATIONAL
CRED-033,CreditScoreRangeLower,INSTITUTIONAL and FINANCIAL
CRED-033,CreditScoreRangeUpper,INSTITUTIONAL and FINANCIAL
CRED-033,FirstRecordedCreditLine,INSTITUTIONAL and FINANCIAL
CRED-033,CurrentCreditLines,INSTITUTIONAL and FINANCIAL
CRED-033,OpenCreditLines,INSTITUTIONAL and FINANCIAL
CRED-033,TotalCreditLinespast7years,INSTITUTIONAL and FINANCIAL
CRED-033,OpenRevolvingAccounts,INSTITUTIONAL and FINANCIAL
CRED-033,OpenRevolvingMonthlyPayment,"VALUES, ATTITUDES and BEHAVIORAL"
CRED-033,InquiriesLast6Months,"VALUES, ATTITUDES and BEHAVIORAL"
CRED-033,TotalInquiries,UNCLASSIFIED
CRED-033,CurrentDelinquencies,UNCLASSIFIED
CRED-033,AmountDelinquent,"VALUES, ATTITUDES and BEHAVIORAL"
CRED-033,DelinquenciesLast7Years,"VALUES, ATTITUDES and BEHAVIORAL"
CRED-033,PublicRecordsLast10Years,SITUATIONAL
CRED-033,PublicRecordsLast12Months,SITUATIONAL
CRED-033,RevolvingCreditBalance,INSTITUTIONAL and FINANCIAL
CRED-033,BankcardUtilization,SITUATIONAL
CRED-033,AvailableBankcardCredit,INSTITUTIONAL and FINANCIAL
CRED-033,TotalTrades,SITUATIONAL
CRED-033,TradesNeverDelinquent (percentage),"VALUES, ATTITUDES and BEHAVIORAL"
CRED-033,TradesOpenedLast6Months,"VALUES, ATTITUDES and BEHAVIORAL"
CRED-033,DebtToIncomeRatio,INSTITUTIONAL and FINANCIAL
CRED-033,IncomeRange,SOCIOECONOMIC
CRED-033,IncomeVerifiable,SOCIOECONOMIC
CRED-033,StatedMonthlyIncome,SOCIOECONOMIC
CRED-033,LoanKey,UNCLASSIFIED
CRED-033,TotalProsperLoans,INSTITUTIONAL and FINANCIAL
CRED-033,TotalProsperPaymentsBilled,UNCLASSIFIED
CRED-033,OnTimeProsperPayments,UNCLASSIFIED
CRED-033,ProsperPaymentsLessThanOneMonthLate,"VALUES, ATTITUDES and BEHAVIORAL"
CRED-033,ProsperPaymentsOneMonthPlusLate,"VALUES, ATTITUDES and BEHAVIORAL"
CRED-033,ProsperPrincipalBorrowed,INSTITUTIONAL and FINANCIAL
CRED-033,ProsperPrincipalOutstanding,INSTITUTIONAL and FINANCIAL
CRED-033,ScorexChangeAtTimeOfListing,INSTITUTIONAL and FINANCIAL
CRED-033,LoanCurrentDaysDelinquent,SITUATIONAL
CRED-033,LoanFirstDefaultedCycleNumber,"VALUES, ATTITUDES and BEHAVIORAL"
CRED-033,LoanMonthsSinceOrigination,SITUATIONAL
CRED-033,LoanNumber,UNCLASSIFIED
CRED-033,LoanOriginalAmount,INSTITUTIONAL and FINANCIAL
CRED-033,LoanOriginationDate,SITUATIONAL
CRED-033,LoanOriginationQuarter,SITUATIONAL
CRED-033,MemberKey,UNCLASSIFIED
CRED-033,MonthlyLoanPayment,INSTITUTIONAL and FINANCIAL
CRED-033,LP_CustomerPayments,UNCLASSIFIED
CRED-033,LP_CustomerPrincipalPayments,UNCLASSIFIED
CRED-033,LP_InterestandFees,INSTITUTIONAL and FINANCIAL
CRED-033,LP_ServiceFees,INSTITUTIONAL and FINANCIAL
CRED-033,LP_CollectionFees,INSTITUTIONAL and FINANCIAL
CRED-033,LP_GrossPrincipalLoss,INSTITUTIONAL and FINANCIAL
CRED-033,LP_NetPrincipalLoss,INSTITUTIONAL and FINANCIAL
CRED-033,LP_NonPrincipalRecoverypayments,INSTITUTIONAL and FINANCIAL
CRED-033,PercentFunded,INSTITUTIONAL and FINANCIAL
CRED-033,Recommendations,ALTERNATIVE
CRED-033,InvestmentFromFriendsCount,ALTERNATIVE
CRED-033,InvestmentFromFriendsAmount,ALTERNATIVE
CRED-033,Investors,INSTITUTIONAL and FINANCIAL
CRED-034,Rating,INSTITUTIONAL and FINANCIAL
CRED-034,Name,UNCLASSIFIED
CRED-034,Symbol,UNCLASSIFIED
CRED-034,Rating Agency Name,INSTITUTIONAL and FINANCIAL
CRED-034,Date,SITUATIONAL
CRED-034,Sector,INSTITUTIONAL and FINANCIAL
CRED-034,currentRatio,INSTITUTIONAL and FINANCIAL
CRED-034,quickRatio,INSTITUTIONAL and FINANCIAL
CRED-034,cashRatio,INSTITUTIONAL and FINANCIAL
CRED-034,daysOfSalesOutstanding,SITUATIONAL
CRED-034,netProfitMargin,MACROECONOMIC
CRED-034,pretaxProfitMargin,MACROECONOMIC
CRED-034,grossProfitMargin,MACROECONOMIC
CRED-034,operatingProfitMargin,MACROECONOMIC
CRED-034,returnOnAssets,MACROECONOMIC
CRED-034,returnOnCapitalEmployed,INSTITUTIONAL and FINANCIAL
CRED-034,returnOnEquity,INSTITUTIONAL and FINANCIAL
CRED-034,assetTurnover,INSTITUTIONAL and FINANCIAL
CRED-034,fixedAssetTurnover,INSTITUTIONAL and FINANCIAL
CRED-034,debtEquityRatio,INSTITUTIONAL and FINANCIAL
CRED-034,debtRatio,INSTITUTIONAL and FINANCIAL
CRED-034,effectiveTaxRate,MACROECONOMIC
CRED-034,freeCashFlowOperatingCashFlowRatio,MACROECONOMIC
CRED-034,freeCashFlowPerShare,INSTITUTIONAL and FINANCIAL
CRED-034,cashPerShare,INSTITUTIONAL and FINANCIAL
CRED-034,companyEquityMultiplier,INSTITUTIONAL and FINANCIAL
CRED-034,ebitPerRevenue,INSTITUTIONAL and FINANCIAL
CRED-034,enterpriseValueMultiple,MACROECONOMIC
CRED-034,operatingCashFlowPerShare,MACROECONOMIC
CRED-034,operatingCashFlowSalesRatio,INSTITUTIONAL and FINANCIAL
CRED-034,payablesTurnover,INSTITUTIONAL and FINANCIAL
CRED-035,CustomerID,UNCLASSIFIED
CRED-035,Name,UNCLASSIFIED
CRED-035,Age,DEMOGRAPHIC
CRED-035,CreditScore,INSTITUTIONAL and FINANCIAL
CRED-035,TransactionAmount,SITUATIONAL
CRED-035,LoanAmount,INSTITUTIONAL and FINANCIAL
CRED-035,LatePayments,SITUATIONAL
CRED-037,LoanID,UNCLASSIFIED
CRED-037,Age,DEMOGRAPHIC
CRED-037,Income,SOCIOECONOMIC
CRED-037,LoanAmount,INSTITUTIONAL and FINANCIAL
CRED-037,CreditScore,INSTITUTIONAL and FINANCIAL
CRED-037,MonthsEmployed,SITUATIONAL
CRED-037,NumCreditLines,INSTITUTIONAL and FINANCIAL
CRED-037,InterestRate,INSTITUTIONAL and FINANCIAL
CRED-037,LoanTerm,SITUATIONAL
CRED-037,DTIRatio,INSTITUTIONAL and FINANCIAL
CRED-037,Education,EDUCATIONAL
CRED-037,EmploymentType,SOCIOECONOMIC
CRED-037,MaritalStatus,DEMOGRAPHIC
CRED-037,HasMortgage,INSTITUTIONAL and FINANCIAL
CRED-037,HasDependents,DEMOGRAPHIC
CRED-037,LoanPurpose,INSTITUTIONAL and FINANCIAL
CRED-037,HasCoSigner,INSTITUTIONAL and FINANCIAL
CRED-037,Default,"VALUES, ATTITUDES and BEHAVIORAL"
CRED-039,person_age,DEMOGRAPHIC
CRED-039,person_income,SOCIOECONOMIC
CRED-039,person_emp_length,SOCIOECONOMIC
CRED-039,loan_amnt,INSTITUTIONAL and FINANCIAL
CRED-039,loan_int_rate,INSTITUTIONAL and FINANCIAL
CRED-039,loan_status,SITUATIONAL
CRED-039,loan_percent_income,INSTITUTIONAL and FINANCIAL
CRED-039,cb_person_cred_hist_length,INSTITUTIONAL and FINANCIAL
CRED-039,income_to_loan_ratio,INSTITUTIONAL and FINANCIAL
CRED-039,credit_history_age_ratio,INSTITUTIONAL and FINANCIAL
CRED-039,person_home_ownership_OTHER,DEMOGRAPHIC
CRED-039,person_home_ownership_OWN,DEMOGRAPHIC
CRED-039,person_home_ownership_RENT,DEMOGRAPHIC
CRED-039,loan_intent_EDUCATION,EDUCATIONAL
CRED-039,loan_intent_HOMEIMPROVEMENT,"VALUES, ATTITUDES and BEHAVIORAL"
CRED-039,loan_intent_MEDICAL,"VALUES, ATTITUDES and BEHAVIORAL"
CRED-039,loan_intent_PERSONAL,"VALUES, ATTITUDES and BEHAVIORAL"
CRED-039,loan_intent_VENTURE,"VALUES, ATTITUDES and BEHAVIORAL"
CRED-039,loan_grade_B,INSTITUTIONAL and FINANCIAL
CRED-039,loan_grade_C,INSTITUTIONAL and FINANCIAL
CRED-039,loan_grade_D,INSTITUTIONAL and FINANCIAL
CRED-039,loan_grade_E,INSTITUTIONAL and FINANCIAL
CRED-039,loan_grade_F,INSTITUTIONAL and FINANCIAL
CRED-039,loan_grade_G,INSTITUTIONAL and FINANCIAL
CRED-039,cb_person_default_on_file_Y,"VALUES, ATTITUDES and BEHAVIORAL"
CRED-040,Id,UNCLASSIFIED
CRED-040,income,SOCIOECONOMIC
CRED-040,age,DEMOGRAPHIC
CRED-040,experience,SOCIOECONOMIC
CRED-040,married,DEMOGRAPHIC
CRED-040,house_ownership,DEMOGRAPHIC
CRED-040,car_ownership,"VALUES, ATTITUDES and BEHAVIORAL"
CRED-040,profession,
CRED-040,city,DEMOGRAPHIC
CRED-040,state,DEMOGRAPHIC
CRED-040,current_job_years,SITUATIONAL
CRED-040,current_house_years,SITUATIONAL
CRED-040,risk_flag,UNCLASSIFIED
CRED-041,person_age,DEMOGRAPHIC
CRED-041,person_gender,DEMOGRAPHIC
CRED-041,person_education,EDUCATIONAL
CRED-041,person_income,SOCIOECONOMIC
CRED-041,person_emp_exp,SOCIOECONOMIC
CRED-041,person_home_ownership,DEMOGRAPHIC
CRED-041,loan_amnt,INSTITUTIONAL and FINANCIAL
CRED-041,loan_intent,"VALUES, ATTITUDES and BEHAVIORAL"
CRED-041,loan_int_rate,INSTITUTIONAL and FINANCIAL
CRED-041,loan_percent_income,INSTITUTIONAL and FINANCIAL
CRED-041,cb_person_cred_hist_length,INSTITUTIONAL and FINANCIAL
CRED-041,credit_score,INSTITUTIONAL and FINANCIAL
CRED-041,previous_loan_defaults_on_file,SITUATIONAL
CRED-041,loan_status,SITUATIONAL
CRED-042,Age,DEMOGRAPHIC
CRED-042,Income,SOCIOECONOMIC
CRED-042,LoanAmount,INSTITUTIONAL and FINANCIAL
CRED-042,CreditScore,INSTITUTIONAL and FINANCIAL
CRED-042,YearsExperience,SOCIOECONOMIC
CRED-042,Gender,DEMOGRAPHIC
CRED-042,Education,EDUCATIONAL
CRED-042,City,DEMOGRAPHIC
CRED-042,EmploymentType,SOCIOECONOMIC
CRED-042,LoanApproved,INSTITUTIONAL and FINANCIAL
CRED-043,transaction_id,UNCLASSIFIED
CRED-043,amount,INSTITUTIONAL and FINANCIAL
CRED-043,transaction_hour,SITUATIONAL
CRED-043,merchant_category,UNCLASSIFIED
CRED-043,foreign_transaction,UNCLASSIFIED
CRED-043,location_mismatch,UNCLASSIFIED
CRED-043,device_trust_score,UNCLASSIFIED
CRED-043,velocity_last_24h,SITUATIONAL
CRED-043,cardholder_age,DEMOGRAPHIC
CRED-043,is_fraud,UNCLASSIFIED
CRED-044,Customer ID,UNCLASSIFIED
CRED-044,Name,UNCLASSIFIED
CRED-044,Surname,DEMOGRAPHIC
CRED-044,Gender,DEMOGRAPHIC
CRED-044,Birthdate,SITUATIONAL
CRED-044,Transaction Amount,"VALUES, ATTITUDES and BEHAVIORAL"
CRED-044,Date,SITUATIONAL
CRED-044,Merchant Name,ALTERNATIVE
CRED-044,Category,UNCLASSIFIED
CRED-045,Loan_ID,UNCLASSIFIED
CRED-045,loan_status,SITUATIONAL
CRED-045,Principal,INSTITUTIONAL and FINANCIAL
CRED-045,terms,UNCLASSIFIED
CRED-045,effective_date,SITUATIONAL
CRED-045,due_date,SITUATIONAL
CRED-045,paid_off_time,SITUATIONAL
CRED-045,past_due_days,SITUATIONAL
CRED-045,age,DEMOGRAPHIC
CRED-045,education,EDUCATIONAL
CRED-045,Gender,DEMOGRAPHIC
CRED-046,transaction_id,UNCLASSIFIED
CRED-046,timestamp,SITUATIONAL
CRED-046,sender_account,INSTITUTIONAL and FINANCIAL
CRED-046,receiver_account,INSTITUTIONAL and FINANCIAL
CRED-046,amount,INSTITUTIONAL and FINANCIAL
CRED-046,transaction_type,"VALUES, ATTITUDES and BEHAVIORAL"
CRED-046,merchant_category,UNCLASSIFIED
CRED-046,location,DEMOGRAPHIC
CRED-046,device_used,ALTERNATIVE
CRED-046,is_fraud,UNCLASSIFIED
CRED-046,fraud_type,UNCLASSIFIED
CRED-046,time_since_last_transaction,SITUATIONAL
CRED-046,spending_deviation_score,"VALUES, ATTITUDES and BEHAVIORAL"
CRED-046,velocity_score,UNCLASSIFIED
CRED-046,geo_anomaly_score,UNCLASSIFIED
CRED-046,payment_channel,ALTERNATIVE
CRED-046,ip_address,UNCLASSIFIED
CRED-046,device_hash,UNCLASSIFIED
CRED-047,TransactionID,UNCLASSIFIED
CRED-047,AccountID,UNCLASSIFIED
CRED-047,TransactionAmount,SITUATIONAL
CRED-047,TransactionDate,SITUATIONAL
CRED-047,TransactionType,UNCLASSIFIED
CRED-047,Location,DEMOGRAPHIC
CRED-047,DeviceID,UNCLASSIFIED
CRED-047,IP Address,UNCLASSIFIED
CRED-047,MerchantID,UNCLASSIFIED
CRED-047,Channel,UNCLASSIFIED
CRED-047,CustomerAge,DEMOGRAPHIC
CRED-047,CustomerOccupation,SOCIOECONOMIC
CRED-047,TransactionDuration,"VALUES, ATTITUDES and BEHAVIORAL"
CRED-047,LoginAttempts,"VALUES, ATTITUDES and BEHAVIORAL"
CRED-047,AccountBalance,INSTITUTIONAL and FINANCIAL
CRED-047,PreviousTransactionDate,SITUATIONAL
CRED-048,organization,UNCLASSIFIED
CRED-048,transaction_id,UNCLASSIFIED
CRED-048,user_id,UNCLASSIFIED
CRED-048,user_account_age_days,"VALUES, ATTITUDES and BEHAVIORAL"
CRED-048,kyc_verified,INSTITUTIONAL and FINANCIAL
CRED-048,payment_method,UNCLASSIFIED
CRED-048,card_type,UNCLASSIFIED
CRED-048,transaction_amount,INSTITUTIONAL and FINANCIAL
CRED-048,currency,UNCLASSIFIED
CRED-048,fee_amount,INSTITUTIONAL and FINANCIAL
CRED-048,transaction_timestamp,SITUATIONAL
CRED-048,day_of_week,SITUATIONAL
CRED-048,city,DEMOGRAPHIC
CRED-048,country,DEMOGRAPHIC
CRED-048,device_type,ALTERNATIVE
CRED-048,operating_system,ALTERNATIVE
CRED-048,browser,UNCLASSIFIED
CRED-048,merchant_category,UNCLASSIFIED
CRED-048,transaction_type,"VALUES, ATTITUDES and BEHAVIORAL"
CRED-048,otp_used,SITUATIONAL
CRED-048,is_fraud,UNCLASSIFIED
CRED-048,hour,SITUATIONAL
CRED-048,is_night,SITUATIONAL
CRED-048,time_diff,SITUATIONAL
CRED-050,unique_apps_per_day,ALTERNATIVE
CRED-050,avg_daily_screen_time_hrs,UNCLASSIFIED
CRED-050,financial_apps_installed,UNCLASSIFIED
CRED-050,online_txn_count_last_30d,"VALUES, ATTITUDES and BEHAVIORAL"
CRED-050,avg_txn_amount,"VALUES, ATTITUDES and BEHAVIORAL"
CRED-050,bank_sms_count,"VALUES, ATTITUDES and BEHAVIORAL"
CRED-050,avg_distance_travelled_km,"VALUES, ATTITUDES and BEHAVIORAL"
CRED-050,places_visited_weekly,UNCLASSIFIED
CRED-050,calls_per_day,UNCLASSIFIED
CRED-050,distinct_contacts_weekly,UNCLASSIFIED
CRED-050,avg_call_duration_mins,UNCLASSIFIED
CRED-050,social_media_pct,ALTERNATIVE
CRED-050,finance_app_time_pct,ALTERNATIVE
CRED-050,regular_sleep_pattern,"VALUES, ATTITUDES and BEHAVIORAL"
CRED-050,battery_charging_regular,"VALUES, ATTITUDES and BEHAVIORAL"
CRED-050,monthly_data_usage_gb,"VALUES, ATTITUDES and BEHAVIORAL"
CRED-050,recent_app_installs,ALTERNATIVE
CRED-050,income_bracket,SOCIOECONOMIC
CRED-050,existing_debt_amount,INSTITUTIONAL and FINANCIAL
CRED-050,education_level,EDUCATIONAL
CRED-050,cluster_id,UNCLASSIFIED
CRED-050,loan_amount_requested,INSTITUTIONAL and FINANCIAL
CRED-050,savings_worth,INSTITUTIONAL and FINANCIAL
CRED-050,employment_type,SOCIOECONOMIC
CRED-050,loan_default,"VALUES, ATTITUDES and BEHAVIORAL"
CRED-051,credit.policy,INSTITUTIONAL and FINANCIAL
CRED-051,purpose,SITUATIONAL
CRED-051,int.rate,INSTITUTIONAL and FINANCIAL
CRED-051,installment,"VALUES, ATTITUDES and BEHAVIORAL"
CRED-051,log.annual.inc,SOCIOECONOMIC
CRED-051,dti,INSTITUTIONAL and FINANCIAL
CRED-051,fico,INSTITUTIONAL and FINANCIAL
CRED-051,days.with.cr.line,SITUATIONAL
CRED-051,revol.bal,INSTITUTIONAL and FINANCIAL
CRED-051,revol.util,"VALUES, ATTITUDES and BEHAVIORAL"
CRED-051,inq.last.6mths,"VALUES, ATTITUDES and BEHAVIORAL"
CRED-051,delinq.2yrs,UNCLASSIFIED
CRED-051,pub.rec,UNCLASSIFIED
CRED-051,not.fully.paid,"VALUES, ATTITUDES and BEHAVIORAL"
CRED-052,credit.policy,INSTITUTIONAL and FINANCIAL
CRED-052,purpose,SITUATIONAL
CRED-052,int.rate,INSTITUTIONAL and FINANCIAL
CRED-052,installment,"VALUES, ATTITUDES and BEHAVIORAL"
CRED-052,log.annual.inc,SOCIOECONOMIC
CRED-052,dti,INSTITUTIONAL and FINANCIAL
CRED-052,fico,INSTITUTIONAL and FINANCIAL
CRED-052,days.with.cr.line,SITUATIONAL
CRED-052,revol.bal,INSTITUTIONAL and FINANCIAL
CRED-052,revol.util,"VALUES, ATTITUDES and BEHAVIORAL"
CRED-052,inq.last.6mths,"VALUES, ATTITUDES and BEHAVIORAL"
CRED-052,delinq.2yrs,UNCLASSIFIED
CRED-052,pub.rec,UNCLASSIFIED
CRED-052,not.fully.paid,"VALUES, ATTITUDES and BEHAVIORAL"
CRED-053,id,UNCLASSIFIED
CRED-053,member_id,UNCLASSIFIED
CRED-053,loan_amnt,INSTITUTIONAL and FINANCIAL
CRED-053,funded_amnt,INSTITUTIONAL and FINANCIAL
CRED-053,funded_amnt_inv,INSTITUTIONAL and FINANCIAL
CRED-053,term,SITUATIONAL
CRED-053,int_rate,INSTITUTIONAL and FINANCIAL
CRED-053,installment,"VALUES, ATTITUDES and BEHAVIORAL"
CRED-053,grade,UNCLASSIFIED
CRED-053,sub_grade,UNCLASSIFIED
CRED-053,emp_title,UNCLASSIFIED
CRED-053,emp_length,SOCIOECONOMIC
CRED-053,home_ownership,DEMOGRAPHIC
CRED-053,annual_inc,SOCIOECONOMIC
CRED-053,verification_status,INSTITUTIONAL and FINANCIAL
CRED-053,issue_d,SITUATIONAL
CRED-053,pymnt_plan,"VALUES, ATTITUDES and BEHAVIORAL"
CRED-053,desc,UNCLASSIFIED
CRED-053,purpose,SITUATIONAL
CRED-053,title,UNCLASSIFIED
CRED-053,zip_code,DEMOGRAPHIC
CRED-053,addr_state,DEMOGRAPHIC
CRED-053,dti,INSTITUTIONAL and FINANCIAL
CRED-053,delinq_2yrs,"VALUES, ATTITUDES and BEHAVIORAL"
CRED-053,earliest_cr_line,SITUATIONAL
CRED-053,inq_last_6mths,SITUATIONAL
CRED-053,mths_since_last_delinq,SITUATIONAL
CRED-053,mths_since_last_record,SITUATIONAL
CRED-053,open_acc,INSTITUTIONAL and FINANCIAL
CRED-053,pub_rec,INSTITUTIONAL and FINANCIAL
CRED-053,revol_bal,INSTITUTIONAL and FINANCIAL
CRED-053,revol_util,"VALUES, ATTITUDES and BEHAVIORAL"
CRED-053,total_acc,INSTITUTIONAL and FINANCIAL
CRED-053,initial_list_status,UNCLASSIFIED
CRED-053,out_prncp,INSTITUTIONAL and FINANCIAL
CRED-053,out_prncp_inv,INSTITUTIONAL and FINANCIAL
CRED-053,total_pymnt,INSTITUTIONAL and FINANCIAL
CRED-053,total_pymnt_inv,INSTITUTIONAL and FINANCIAL
CRED-053,total_rec_prncp,INSTITUTIONAL and FINANCIAL
CRED-053,total_rec_int,UNCLASSIFIED
CRED-053,total_rec_late_fee,UNCLASSIFIED
CRED-053,recoveries,SITUATIONAL
CRED-053,collection_recovery_fee,INSTITUTIONAL and FINANCIAL
CRED-053,last_pymnt_d,SITUATIONAL
CRED-053,last_pymnt_amnt,"VALUES, ATTITUDES and BEHAVIORAL"
CRED-053,next_pymnt_d,SITUATIONAL
CRED-053,last_credit_pull_d,SITUATIONAL
CRED-053,collections_12_mths_ex_med,"VALUES, ATTITUDES and BEHAVIORAL"
CRED-053,mths_since_last_major_derog,"VALUES, ATTITUDES and BEHAVIORAL"
CRED-053,policy_code,UNCLASSIFIED
CRED-053,application_type,INSTITUTIONAL and FINANCIAL
CRED-053,annual_inc_joint,SOCIOECONOMIC
CRED-053,dti_joint,INSTITUTIONAL and FINANCIAL
CRED-053,verification_status_joint,INSTITUTIONAL and FINANCIAL
CRED-053,acc_now_delinq,SITUATIONAL
CRED-053,tot_coll_amt,INSTITUTIONAL and FINANCIAL
CRED-053,tot_cur_bal,INSTITUTIONAL and FINANCIAL
CRED-053,open_acc_6m,"VALUES, ATTITUDES and BEHAVIORAL"
CRED-053,open_il_6m,"VALUES, ATTITUDES and BEHAVIORAL"
CRED-053,open_il_12m,UNCLASSIFIED
CRED-053,open_il_24m,UNCLASSIFIED
CRED-053,mths_since_rcnt_il,"VALUES, ATTITUDES and BEHAVIORAL"
CRED-053,total_bal_il,INSTITUTIONAL and FINANCIAL
CRED-053,il_util,"VALUES, ATTITUDES and BEHAVIORAL"
CRED-053,open_rv_12m,"VALUES, ATTITUDES and BEHAVIORAL"
CRED-053,open_rv_24m,SITUATIONAL
CRED-053,max_bal_bc,INSTITUTIONAL and FINANCIAL
CRED-053,all_util,UNCLASSIFIED
CRED-053,total_rev_hi_lim,INSTITUTIONAL and FINANCIAL
CRED-053,inq_fi,"VALUES, ATTITUDES and BEHAVIORAL"
CRED-053,total_cu_tl,INSTITUTIONAL and FINANCIAL
CRED-053,inq_last_12m,"VALUES, ATTITUDES and BEHAVIORAL"
CRED-053,default_ind,"VALUES, ATTITUDES and BEHAVIORAL"
CRED-054,name,UNCLASSIFIED
CRED-054,city,DEMOGRAPHIC
CRED-054,income,SOCIOECONOMIC
CRED-054,credit_score,INSTITUTIONAL and FINANCIAL
CRED-054,loan_amount,INSTITUTIONAL and FINANCIAL
CRED-054,years_employed,DEMOGRAPHIC
CRED-054,points,INSTITUTIONAL and FINANCIAL
CRED-054,loan_approved,INSTITUTIONAL and FINANCIAL
CRED-055,loan_id,UNCLASSIFIED
CRED-055,income,SOCIOECONOMIC
CRED-055,loan_amount,INSTITUTIONAL and FINANCIAL
CRED-055,employment_status,SOCIOECONOMIC
CRED-055,default,"VALUES, ATTITUDES and BEHAVIORAL"
CRED-056,Text,UNCLASSIFIED
CRED-056,Income,SOCIOECONOMIC
CRED-056,Credit_Score,INSTITUTIONAL and FINANCIAL
CRED-056,Loan_Amount,INSTITUTIONAL and FINANCIAL
CRED-056,DTI_Ratio,INSTITUTIONAL and FINANCIAL
CRED-056,Employment_Status,SOCIOECONOMIC
CRED-056,Approval,UNCLASSIFIED
CRED-058,transaction_id,UNCLASSIFIED
CRED-058,customer_id,UNCLASSIFIED
CRED-058,merchant_id,UNCLASSIFIED
CRED-058,timestamp,SITUATIONAL
CRED-058,hour,SITUATIONAL
CRED-058,day,SITUATIONAL
CRED-058,weekday,SITUATIONAL
CRED-058,is_weekend,SITUATIONAL
CRED-058,is_night,SITUATIONAL
CRED-058,customer_segment,SOCIOECONOMIC
CRED-058,avg_spend_profile,"VALUES, ATTITUDES and BEHAVIORAL"
CRED-058,home_lat,DEMOGRAPHIC
CRED-058,home_lon,DEMOGRAPHIC
CRED-058,past_fraud_history,UNCLASSIFIED
CRED-058,credit_score,INSTITUTIONAL and FINANCIAL
CRED-058,account_age_days,SITUATIONAL
CRED-058,merchant_category,UNCLASSIFIED
CRED-058,merchant_risk_score,INSTITUTIONAL and FINANCIAL
CRED-058,merchant_lat,DEMOGRAPHIC
CRED-058,merchant_lon,SITUATIONAL
CRED-058,transaction_amount,INSTITUTIONAL and FINANCIAL
CRED-058,txn_lat,SITUATIONAL
CRED-058,txn_lon,INSTITUTIONAL and FINANCIAL
CRED-058,distance_from_home_km,SITUATIONAL
CRED-058,is_foreign,DEMOGRAPHIC
CRED-058,high_risk_country,DEMOGRAPHIC
CRED-058,device_type,ALTERNATIVE
CRED-058,channel,UNCLASSIFIED
CRED-058,is_new_device,UNCLASSIFIED
CRED-058,vpn_detected,ALTERNATIVE
CRED-058,tor_detected,ALTERNATIVE
CRED-058,device_id,UNCLASSIFIED
CRED-058,transaction_velocity_1h,SITUATIONAL
CRED-058,transaction_velocity_24h,"VALUES, ATTITUDES and BEHAVIORAL"
CRED-058,transaction_velocity_7d,"VALUES, ATTITUDES and BEHAVIORAL"
CRED-058,seconds_since_last_txn,SITUATIONAL
CRED-058,avg_amount_30d,"VALUES, ATTITUDES and BEHAVIORAL"
CRED-058,amount_deviation_ratio,"VALUES, ATTITUDES and BEHAVIORAL"
CRED-058,merchant_ring_id,UNCLASSIFIED
CRED-058,shared_device_count,ALTERNATIVE
CRED-058,customer_merchant_txn_count,"VALUES, ATTITUDES and BEHAVIORAL"
CRED-058,label,UNCLASSIFIED
CRED-058,fraud_type,UNCLASSIFIED
CRED-058,financial_loss,INSTITUTIONAL and FINANCIAL
CRED-065,UniqueID,UNCLASSIFIED
CRED-065,disbursed_amount,INSTITUTIONAL and FINANCIAL
CRED-065,asset_cost,INSTITUTIONAL and FINANCIAL
CRED-065,ltv,INSTITUTIONAL and FINANCIAL
CRED-065,branch_id,UNCLASSIFIED
CRED-065,supplier_id,UNCLASSIFIED
CRED-065,manufacturer_id,UNCLASSIFIED
CRED-065,Current_pincode_ID,DEMOGRAPHIC
CRED-065,Date.of.Birth,DEMOGRAPHIC
CRED-065,Employment.Type,SOCIOECONOMIC
CRED-065,DisbursalDate,SITUATIONAL
CRED-065,State_ID,DEMOGRAPHIC
CRED-065,Employee_code_ID,UNCLASSIFIED
CRED-065,MobileNo_Avl_Flag,UNCLASSIFIED
CRED-065,Aadhar_flag,UNCLASSIFIED
CRED-065,PAN_flag,UNCLASSIFIED
CRED-065,VoterID_flag,UNCLASSIFIED
CRED-065,Driving_flag,UNCLASSIFIED
CRED-065,Passport_flag,UNCLASSIFIED
CRED-065,PERFORM_CNS.SCORE,INSTITUTIONAL and FINANCIAL
CRED-065,PERFORM_CNS.SCORE.DESCRIPTION,UNCLASSIFIED
CRED-065,PRI.NO.OF.ACCTS,DEMOGRAPHIC
CRED-065,PRI.ACTIVE.ACCTS,INSTITUTIONAL and FINANCIAL
CRED-065,PRI.OVERDUE.ACCTS,SITUATIONAL
CRED-065,PRI.CURRENT.BALANCE,INSTITUTIONAL and FINANCIAL
CRED-065,PRI.SANCTIONED.AMOUNT,INSTITUTIONAL and FINANCIAL
CRED-065,PRI.DISBURSED.AMOUNT,INSTITUTIONAL and FINANCIAL
CRED-065,SEC.NO.OF.ACCTS,DEMOGRAPHIC
CRED-065,SEC.ACTIVE.ACCTS,INSTITUTIONAL and FINANCIAL
CRED-065,SEC.OVERDUE.ACCTS,UNCLASSIFIED
CRED-065,SEC.CURRENT.BALANCE,INSTITUTIONAL and FINANCIAL
CRED-065,SEC.SANCTIONED.AMOUNT,INSTITUTIONAL and FINANCIAL
CRED-065,SEC.DISBURSED.AMOUNT,INSTITUTIONAL and FINANCIAL
CRED-065,PRIMARY.INSTAL.AMT,INSTITUTIONAL and FINANCIAL
CRED-065,SEC.INSTAL.AMT,INSTITUTIONAL and FINANCIAL
CRED-065,NEW.ACCTS.IN.LAST.SIX.MONTHS,SITUATIONAL
CRED-065,DELINQUENT.ACCTS.IN.LAST.SIX.MONTHS,"VALUES, ATTITUDES and BEHAVIORAL"
CRED-065,AVERAGE.ACCT.AGE,"VALUES, ATTITUDES and BEHAVIORAL"
CRED-065,CREDIT.HISTORY.LENGTH,"VALUES, ATTITUDES and BEHAVIORAL"
CRED-065,NO.OF_INQUIRIES,"VALUES, ATTITUDES and BEHAVIORAL"
CRED-066,Rating Agency,INSTITUTIONAL and FINANCIAL
CRED-066,Corporation,UNCLASSIFIED
CRED-066,Rating,INSTITUTIONAL and FINANCIAL
CRED-066,Rating Date,SITUATIONAL
CRED-066,CIK,UNCLASSIFIED
CRED-066,Binary Rating,UNCLASSIFIED
CRED-066,SIC Code,UNCLASSIFIED
CRED-066,Sector,INSTITUTIONAL and FINANCIAL
CRED-066,Ticker,UNCLASSIFIED
CRED-066,Current Ratio,INSTITUTIONAL and FINANCIAL
CRED-066,Long-term Debt / Capital,INSTITUTIONAL and FINANCIAL
CRED-066,Debt/Equity Ratio,INSTITUTIONAL and FINANCIAL
CRED-066,Gross Margin,MACROECONOMIC
CRED-066,Operating Margin,MACROECONOMIC
CRED-066,EBIT Margin,MACROECONOMIC
CRED-066,EBITDA Margin,MACROECONOMIC
CRED-066,Pre-Tax Profit Margin,MACROECONOMIC
CRED-066,Net Profit Margin,MACROECONOMIC
CRED-066,Asset Turnover,INSTITUTIONAL and FINANCIAL
CRED-066,ROE - Return On Equity,INSTITUTIONAL and FINANCIAL
CRED-066,Return On Tangible Equity,MACROECONOMIC
CRED-066,ROA - Return On Assets,MACROECONOMIC
CRED-066,ROI - Return On Investment,MACROECONOMIC
CRED-066,Operating Cash Flow Per Share,MACROECONOMIC
CRED-066,Free Cash Flow Per Share,MACROECONOMIC
CRED-72,RiskPerformance,UNCLASSIFIED
CRED-72,ExternalRiskEstimate,INSTITUTIONAL and FINANCIAL
CRED-72,MSinceOldestTradeOpen,SITUATIONAL
CRED-72,MSinceMostRecentTradeOpen,SITUATIONAL
CRED-72,AverageMInFile,SITUATIONAL
CRED-72,NumSatisfactoryTrades,UNCLASSIFIED
CRED-72,NumTrades60Ever2DerogPubRec,UNCLASSIFIED
CRED-72,NumTrades90Ever2DerogPubRec,UNCLASSIFIED
CRED-72,PercentTradesNeverDelq,UNCLASSIFIED
CRED-72,MSinceMostRecentDelq,"VALUES, ATTITUDES and BEHAVIORAL"
CRED-72,MaxDelq2PublicRecLast12M,"VALUES, ATTITUDES and BEHAVIORAL"
CRED-72,MaxDelqEver,"VALUES, ATTITUDES and BEHAVIORAL"
CRED-72,NumTotalTrades,"VALUES, ATTITUDES and BEHAVIORAL"
CRED-72,NumTradesOpeninLast12M,"VALUES, ATTITUDES and BEHAVIORAL"
CRED-72,PercentInstallTrades,"VALUES, ATTITUDES and BEHAVIORAL"
CRED-72,MSinceMostRecentInqexcl7days,"VALUES, ATTITUDES and BEHAVIORAL"
CRED-72,NumInqLast6M,"VALUES, ATTITUDES and BEHAVIORAL"
CRED-72,NumInqLast6Mexcl7days,SITUATIONAL
CRED-72,NetFractionRevolvingBurden,INSTITUTIONAL and FINANCIAL
CRED-72,NetFractionInstallBurden,SITUATIONAL
CRED-72,NumRevolvingTradesWBalance,INSTITUTIONAL and FINANCIAL
CRED-72,NumInstallTradesWBalance,"VALUES, ATTITUDES and BEHAVIORAL"
CRED-72,NumBank2NatlTradesWHighUtilization,"VALUES, ATTITUDES and BEHAVIORAL"
CRED-72,PercentTradesWBalance,"VALUES, ATTITUDES and BEHAVIORAL"
CRED-73,customer_id,UNCLASSIFIED
CRED-73,monthly_income,SOCIOECONOMIC
CRED-73,loan_amount,INSTITUTIONAL and FINANCIAL
CRED-73,credit_utilization_ratio,INSTITUTIONAL and FINANCIAL
CRED-73,account_balance,INSTITUTIONAL and FINANCIAL
CRED-73,monthly_transactions,SITUATIONAL
CRED-73,avg_transaction_value,SITUATIONAL
CRED-73,late_payment_count,"VALUES, ATTITUDES and BEHAVIORAL"
CRED-73,repayment_consistency_score,"VALUES, ATTITUDES and BEHAVIORAL"
CRED-73,previous_defaults,UNCLASSIFIED
CRED-73,employment_years,SOCIOECONOMIC
CRED-73,dependents,DEMOGRAPHIC
CRED-73,account_age_months,"VALUES, ATTITUDES and BEHAVIORAL"
CRED-73,recent_activity_score,"VALUES, ATTITUDES and BEHAVIORAL"
CRED-73,credit_risk_class,INSTITUTIONAL and FINANCIAL
CRED-74,ReportAsOfEOD,UNCLASSIFIED
CRED-74,LoanId,UNCLASSIFIED
CRED-74,LoanNumber,UNCLASSIFIED
CRED-74,ListedOnUTC,SITUATIONAL
CRED-74,BiddingStartedOn,SITUATIONAL
CRED-74,BidsPortfolioManager,UNCLASSIFIED
CRED-74,BidsApi,UNCLASSIFIED
CRED-74,BidsManual,UNCLASSIFIED
CRED-74,UserName,UNCLASSIFIED
CRED-74,NewCreditCustomer,UNCLASSIFIED
CRED-74,LoanApplicationStartedDate,SITUATIONAL
CRED-74,LoanDate,SITUATIONAL
CRED-74,ContractEndDate,SITUATIONAL
CRED-74,FirstPaymentDate,SITUATIONAL
CRED-74,MaturityDate_Original,SITUATIONAL
CRED-74,MaturityDate_Last,SITUATIONAL
CRED-74,ApplicationSignedHour,SITUATIONAL
CRED-74,ApplicationSignedWeekday,SITUATIONAL
CRED-74,VerificationType,UNCLASSIFIED
CRED-74,LanguageCode,UNCLASSIFIED
CRED-74,Age,DEMOGRAPHIC
CRED-74,DateOfBirth,DEMOGRAPHIC
CRED-74,Gender,DEMOGRAPHIC
CRED-74,Country,DEMOGRAPHIC
CRED-74,AppliedAmount,INSTITUTIONAL and FINANCIAL
CRED-74,Amount,INSTITUTIONAL and FINANCIAL
CRED-74,Interest,INSTITUTIONAL and FINANCIAL
CRED-74,LoanDuration,SITUATIONAL
CRED-74,MonthlyPayment,INSTITUTIONAL and FINANCIAL
CRED-74,County,DEMOGRAPHIC
CRED-74,City,DEMOGRAPHIC
CRED-74,UseOfLoan,UNCLASSIFIED
CRED-74,Education,EDUCATIONAL
CRED-74,MaritalStatus,DEMOGRAPHIC
CRED-74,NrOfDependants,DEMOGRAPHIC
CRED-74,EmploymentStatus,SOCIOECONOMIC
CRED-74,EmploymentDurationCurrentEmployer,SOCIOECONOMIC
CRED-74,EmploymentPosition,SOCIOECONOMIC
CRED-74,WorkExperience,SOCIOECONOMIC
CRED-74,OccupationArea,SOCIOECONOMIC
CRED-74,HomeOwnershipType,DEMOGRAPHIC
CRED-74,IncomeFromPrincipalEmployer,SOCIOECONOMIC
CRED-74,IncomeFromPension,SOCIOECONOMIC
CRED-74,IncomeFromFamilyAllowance,SOCIOECONOMIC
CRED-74,IncomeFromSocialWelfare,SOCIOECONOMIC
CRED-74,IncomeFromLeavePay,SOCIOECONOMIC
CRED-74,IncomeFromChildSupport,SOCIOECONOMIC
CRED-74,IncomeOther,SOCIOECONOMIC
CRED-74,IncomeTotal,SOCIOECONOMIC
CRED-74,ExistingLiabilities,INSTITUTIONAL and FINANCIAL
CRED-74,LiabilitiesTotal,INSTITUTIONAL and FINANCIAL
CRED-74,RefinanceLiabilities,INSTITUTIONAL and FINANCIAL
CRED-74,DebtToIncome,INSTITUTIONAL and FINANCIAL
CRED-74,FreeCash,INSTITUTIONAL and FINANCIAL
CRED-74,MonthlyPaymentDay,SITUATIONAL
CRED-74,ActiveScheduleFirstPaymentReached,"VALUES, ATTITUDES and BEHAVIORAL"
CRED-74,PlannedPrincipalTillDate,INSTITUTIONAL and FINANCIAL
CRED-74,PlannedInterestTillDate,INSTITUTIONAL and FINANCIAL
CRED-74,LastPaymentOn,SITUATIONAL
CRED-74,CurrentDebtDaysPrimary,"VALUES, ATTITUDES and BEHAVIORAL"
CRED-74,DebtOccuredOn,SITUATIONAL
CRED-74,CurrentDebtDaysSecondary,SITUATIONAL
CRED-74,DebtOccuredOnForSecondary,SITUATIONAL
CRED-74,ExpectedLoss,INSTITUTIONAL and FINANCIAL
CRED-74,LossGivenDefault,INSTITUTIONAL and FINANCIAL
CRED-74,ExpectedReturn,INSTITUTIONAL and FINANCIAL
CRED-74,ProbabilityOfDefault,INSTITUTIONAL and FINANCIAL
CRED-74,DefaultDate,SITUATIONAL
CRED-74,PrincipalOverdueBySchedule,SITUATIONAL
CRED-74,PlannedPrincipalPostDefault,INSTITUTIONAL and FINANCIAL
CRED-74,PlannedInterestPostDefault,INSTITUTIONAL and FINANCIAL
CRED-74,EAD1,UNCLASSIFIED
CRED-74,EAD2,UNCLASSIFIED
CRED-74,PrincipalRecovery,INSTITUTIONAL and FINANCIAL
CRED-74,InterestRecovery,INSTITUTIONAL and FINANCIAL
CRED-74,RecoveryStage,SITUATIONAL
CRED-74,StageActiveSince,SITUATIONAL
CRED-74,ModelVersion,UNCLASSIFIED
CRED-74,Rating,INSTITUTIONAL and FINANCIAL
CRED-74,EL_V0,"VALUES, ATTITUDES and BEHAVIORAL"
CRED-74,Rating_V0,"VALUES, ATTITUDES and BEHAVIORAL"
CRED-74,EL_V1,SOCIOECONOMIC
CRED-74,Rating_V1,UNCLASSIFIED
CRED-74,Rating_V2,UNCLASSIFIED
CRED-74,Status,UNCLASSIFIED
CRED-74,Restructured,INSTITUTIONAL and FINANCIAL
CRED-74,ActiveLateCategory,UNCLASSIFIED
CRED-74,WorseLateCategory,SITUATIONAL
CRED-74,CreditScoreEsMicroL,INSTITUTIONAL and FINANCIAL
CRED-74,CreditScoreEsEquifaxRisk,INSTITUTIONAL and FINANCIAL
CRED-74,CreditScoreFiAsiakasTietoRiskGrade,INSTITUTIONAL and FINANCIAL
CRED-74,CreditScoreEeMini,INSTITUTIONAL and FINANCIAL
CRED-74,PrincipalPaymentsMade,SITUATIONAL
CRED-74,InterestAndPenaltyPaymentsMade,SITUATIONAL
CRED-74,PrincipalWriteOffs,UNCLASSIFIED
CRED-74,InterestAndPenaltyWriteOffs,INSTITUTIONAL and FINANCIAL
CRED-74,PrincipalBalance,INSTITUTIONAL and FINANCIAL
CRED-74,InterestAndPenaltyBalance,INSTITUTIONAL and FINANCIAL
CRED-74,NoOfPreviousLoansBeforeLoan,DEMOGRAPHIC
CRED-74,AmountOfPreviousLoansBeforeLoan,INSTITUTIONAL and FINANCIAL
CRED-74,PreviousRepaymentsBeforeLoan,UNCLASSIFIED
CRED-74,PreviousEarlyRepaymentsBefoleLoan,"VALUES, ATTITUDES and BEHAVIORAL"
CRED-74,PreviousEarlyRepaymentsCountBeforeLoan,"VALUES, ATTITUDES and BEHAVIORAL"
CRED-74,GracePeriodStart,SITUATIONAL
CRED-74,GracePeriodEnd,SITUATIONAL
CRED-74,NextPaymentDate,SITUATIONAL
CRED-74,NextPaymentNr,UNCLASSIFIED
CRED-74,NrOfScheduledPayments,UNCLASSIFIED
CRED-74,ReScheduledOn,SITUATIONAL
CRED-74,PrincipalDebtServicingCost,INSTITUTIONAL and FINANCIAL
CRED-74,InterestAndPenaltyDebtServicingCost,INSTITUTIONAL and FINANCIAL
CRED-74,ActiveLateLastPaymentCategory,"VALUES, ATTITUDES and BEHAVIORAL"
CRED-75,step,UNCLASSIFIED
CRED-75,type,UNCLASSIFIED
CRED-75,amount,INSTITUTIONAL and FINANCIAL
CRED-75,nameOrig,UNCLASSIFIED
CRED-75,oldbalanceOrg,INSTITUTIONAL and FINANCIAL
CRED-75,newbalanceOrig,INSTITUTIONAL and FINANCIAL
CRED-75,nameDest,UNCLASSIFIED
CRED-75,oldbalanceDest,INSTITUTIONAL and FINANCIAL
CRED-75,newbalanceDest,INSTITUTIONAL and FINANCIAL
CRED-75,isFraud,UNCLASSIFIED
CRED-75,isFlaggedFraud,UNCLASSIFIED
CRED-76,ID,UNCLASSIFIED
CRED-76,Customer_ID,UNCLASSIFIED
CRED-76,Month,SITUATIONAL
CRED-76,Name,UNCLASSIFIED
CRED-76,Age,DEMOGRAPHIC
CRED-76,SSN,UNCLASSIFIED
CRED-76,Occupation,SOCIOECONOMIC
CRED-76,Annual_Income,SOCIOECONOMIC
CRED-76,Monthly_Inhand_Salary,SOCIOECONOMIC
CRED-76,Num_Bank_Accounts,INSTITUTIONAL and FINANCIAL
CRED-76,Num_Credit_Card,INSTITUTIONAL and FINANCIAL
CRED-76,Interest_Rate,INSTITUTIONAL and FINANCIAL
CRED-76,Num_of_Loan,INSTITUTIONAL and FINANCIAL
CRED-76,Type_of_Loan,INSTITUTIONAL and FINANCIAL
CRED-76,Delay_from_due_date,SITUATIONAL
CRED-76,Num_of_Delayed_Payment,"VALUES, ATTITUDES and BEHAVIORAL"
CRED-76,Changed_Credit_Limit,"VALUES, ATTITUDES and BEHAVIORAL"
CRED-76,Num_Credit_Inquiries,INSTITUTIONAL and FINANCIAL
CRED-76,Credit_Mix,INSTITUTIONAL and FINANCIAL
CRED-76,Outstanding_Debt,INSTITUTIONAL and FINANCIAL
CRED-76,Credit_Utilization_Ratio,INSTITUTIONAL and FINANCIAL
CRED-76,Credit_History_Age,"VALUES, ATTITUDES and BEHAVIORAL"
CRED-76,Payment_of_Min_Amount,"VALUES, ATTITUDES and BEHAVIORAL"
CRED-76,Total_EMI_per_month,INSTITUTIONAL and FINANCIAL
CRED-76,Amount_invested_monthly,INSTITUTIONAL and FINANCIAL
CRED-76,Payment_Behaviour,"VALUES, ATTITUDES and BEHAVIORAL"
CRED-76,Monthly_Balance,INSTITUTIONAL and FINANCIAL
CRED-77,ip_region_mismatch,ALTERNATIVE
CRED-77,device_change_rate,SITUATIONAL
CRED-77,application_frequency,"VALUES, ATTITUDES and BEHAVIORAL"
CRED-77,loan_amount,INSTITUTIONAL and FINANCIAL
CRED-77,institution,UNCLASSIFIED
CRED-77,loan_type,INSTITUTIONAL and FINANCIAL
CRED-77,session_duration,SITUATIONAL
CRED-77,geo_location_consistency,DEMOGRAPHIC
CRED-77,previous_defaults,UNCLASSIFIED
CRED-77,time_between_apps,SITUATIONAL
CRED-77,browser_fingerprint_change,ALTERNATIVE
CRED-77,fraudulent,UNCLASSIFIED
CRED-78,Cust_Num,UNCLASSIFIED
CRED-78,Payment_Method_description,UNCLASSIFIED
CRED-78,Document_No,UNCLASSIFIED
CRED-78,Amount,INSTITUTIONAL and FINANCIAL
CRED-78,Amount_Bins,UNCLASSIFIED
CRED-78,Clearing_doc,UNCLASSIFIED
CRED-78,Zipcode,DEMOGRAPHIC
CRED-78,Region,DEMOGRAPHIC
CRED-78,City,DEMOGRAPHIC
CRED-78,Customer_Name,UNCLASSIFIED
CRED-78,Age_Of_Customer_Months,DEMOGRAPHIC
CRED-78,Age_Of_Customer_Year,DEMOGRAPHIC
CRED-78,Customer_Age_Year_Bins,DEMOGRAPHIC
CRED-78,Payment_Term,"VALUES, ATTITUDES and BEHAVIORAL"
CRED-78,Payment_Term_Bins,UNCLASSIFIED
CRED-78,Days_Overdue_Delay,UNCLASSIFIED
CRED-78,Delay_Bins,UNCLASSIFIED
CRED-78,Doc_Date,SITUATIONAL
CRED-78,Net_Due_Date,SITUATIONAL
CRED-78,Posting_Date,SITUATIONAL
CRED-78,Clearing_date,SITUATIONAL
CRED-78,No_of_orders_by_customer,UNCLASSIFIED
CRED-78,Rank_of_order_by_customer,"VALUES, ATTITUDES and BEHAVIORAL"
CRED-78,Weekday_clearing,SITUATIONAL
CRED-78,Weekday_due,SITUATIONAL
CRED-78,Quarter_clearing,UNCLASSIFIED
CRED-78,DelayFlag,UNCLASSIFIED
CRED-78,Weekday_clearnum,SITUATIONAL
CRED-78,Weekday_due.1,SITUATIONAL
CRED-79,Transaction_ID,UNCLASSIFIED
CRED-79,Customer_ID,UNCLASSIFIED
CRED-79,Transaction_Date,SITUATIONAL
CRED-79,Transaction_Time,SITUATIONAL
CRED-79,Customer_Age,DEMOGRAPHIC
CRED-79,Customer_Loyalty_Tier,"VALUES, ATTITUDES and BEHAVIORAL"
CRED-79,Location,DEMOGRAPHIC
CRED-79,Store_ID,UNCLASSIFIED
CRED-79,Product_SKU,UNCLASSIFIED
CRED-79,Product_Category,UNCLASSIFIED
CRED-79,Purchase_Amount,INSTITUTIONAL and FINANCIAL
CRED-79,Payment_Method,"VALUES, ATTITUDES and BEHAVIORAL"
CRED-79,Device_Type,ALTERNATIVE
CRED-79,IP_Address,UNCLASSIFIED
CRED-79,Fraud_Flag,UNCLASSIFIED
CRED-79,Footfall_Count,"VALUES, ATTITUDES and BEHAVIORAL"
